cc,provider,plan,channel,card_class,rate_bps,fixed_minor,monthly_fee_minor,fee_currency,small_ticket_threshold_minor,small_ticket_monthly_cap_minor,published_breakeven_minor,verified_url,verified_quote,verified_at,confidence,scheme,funding,issuer_region,tier,_traducida,rate_is_blended,online_surface,_ronda,_origen,monthly_minimum_fee_minor,currency,volume_band_min,volume_band_max,pricing_band_basis,txn_count_band_min,txn_count_band_max,source_type,seed_status,note,eligible_mix_prior,source_round,provenance,product,standard_monthly_fee_minor,promo_free_months,installation_fee_minor,deinstallation_fee_minor,comparison_eligible,valid_until
FI,SumUp,any,in_store,,149,0,,,,,,https://www.sumup.com/fi-fi/solo-lite-kortinlukija/,"1,49%",2026-08-19,,any,any,non_eea,any,,false,any,R2,CAMBRA_acquiring_gaps.csv,,EUR,,,none,,,published,BLOQUEADO_CONFLICTO_FUENTE,Conflicts with official 1.99% footnote.,,,,,,,,,,
DK,SumUp,plus,in_store,,99,0,,,,,,https://help.sumup.com/da-DK/articles/4oI3qHHji2I2S9dyvRfec3-priser-gebyrer,"0,99 % pr. transaktion",2026-08-19,,any,any,domestic,any,,false,any,R2,CAMBRA_acquiring_gaps.csv,,DKK,,,none,,,published,BLOQUEADO_CONFLICTO_FUENTE,Domestic Plus price; unresolved relationship to 0.89%.,,,,,,,,,,
SI,SumUp,any,in_store,,195,0,,,,,,https://www.sumup.com/sl-si/solo-lite-karticni-citalec/,1.95%,2026-08-19,,any,any,non_eea,any,,false,any,R2,CAMBRA_acquiring_gaps.csv,,EUR,,,none,,,published,BLOQUEADO_CONFLICTO_FUENTE,Conflicts with official 1.99% footnote.,,,,,,,,,,
SK,GoPay,public gateway pricing,online,,95,0,,,,,,https://www.gopay.com/sk/cena/,Platba kartou,2026-08-20,,cards,any,any,any,,True,ecommerce_gateway,R4,patch_online_r5.csv,,EUR,,,,,,published,BLOQUEADO_CONFLICTO_FUENTE,Cita no contiene el precio. Releer gopay.com/sk/cena antes de sembrar.,,R5,primary_weak,,,,,,,
HU,Barion,merchant acceptance,online,,,,0,,,,,https://www.barion.com/en/prices-and-conditions/,Merchant Account Creation Free,2026-08-20,,cards,any,any,any,,True,ecommerce_gateway,R4,patch_online_r5.csv,,HUF,,,,,,published,NO_ENCONTRADO,"Primary tariff located, but retrieved excerpt did not expose merchant card-acceptance fee; do not confuse wallet top-up card fee with acquiring.",,R5,primary_verified,,,,,,,
AT,Mollie,Standard,online,,180,25,0,,,,,https://www.mollie.com/pricing,European Economic Area Consumer Cards 1.80% + €0.25,2026-08-20,,Visa/Mastercard,any,eea,standard,,False,any,R4,patch_online_r5.csv,,EUR,,,,,,published,BLOQUEADO_EVIDENCIA_GENERICA,URL sin countryCode. Fix: mollie.com/pricing?countryCode=at,,R5,primary_weak,,,,,,,
NL,Mollie,Standard,online,,180,25,0,,,,,https://www.mollie.com/pricing,European Economic Area Consumer Cards 1.80% + €0.25,2026-08-20,,Visa/Mastercard,any,eea,standard,,False,any,R4,patch_online_r5.csv,,EUR,,,,,,published,BLOQUEADO_EVIDENCIA_GENERICA,URL sin countryCode. Fix: mollie.com/pricing?countryCode=nl,,R5,primary_weak,,,,,,,
LT,SumUp,plus,in_store,,,,1900,,,,,,,2026-08-19,,any,any,non_eea,premium,,false,any,R3,seed_rates_v5.csv,,EUR,,,,,,published,NO_ENCONTRADO,,,R1+R2+R3,primary_verified,,,,,,,
DK,SumUp,plus,in_store,,99,,,,,,,,,2026-08-19,,any,any,eea,standard,,,any,R2,seed_rates_v5.csv,,DKK,,,,,,published,BLOQUEADO_CONFLICTO_FUENTE,99 > 89 del pago por uso. Imposible economicamente.,,R2,report_table,,,,,,,
